cod,cod_description,id_provincia,provincia_descripcion
1000,"Capital Federal",02,"Ciudad Autonoma de Buenos Aires"
1001,"Capital Federal",02,"Ciudad Autonoma de Buenos Aires"
1002,"Capital Federal",02,"Ciudad Autonoma de Buenos Aires"
1003,"Capital Federal",02,"Ciudad Autonoma de Buenos Aires"
1004,"Capital Federal",02,"Ciudad Autonoma de Buenos Aires"
1005,"Capital Federal",02,"Ciudad Autonoma de Buenos Aires"
1006,"Capital Federal",02,"Ciudad Autonoma de Buenos Aires"
1007,"Capital Federal",02,"Ciudad Autonoma de Buenos Aires"
1008,"Capital Federal",02,"Ciudad Autonoma de Buenos Aires"
1009,"Capital Federal",02,"Ciudad Autonoma de Buenos Aires"
1010,"Capital Federal",02,"Ciudad Autonoma de Buenos Aires"
1011,"Capital Federal",02,"Ciudad Autonoma de Buenos Aires"
1012,"Capital Federal",02,"Ciudad Autonoma de Buenos Aires"
1013,"Capital Federal",02,"Ciudad Autonoma de Buenos Aires"
1014,"Capital Federal",02,"Ciudad Autonoma de Buenos Aires"
1015,"Capital Federal",02,"Ciudad Autonoma de Buenos Aires"
1016,"Capital Federal",02,"Ciudad Autonoma de Buenos Aires"
1017,"Capital Federal",02,"Ciudad Autonoma de Buenos Aires"
1018,"Capital Federal",02,"Ciudad Autonoma de Buenos Aires"
1019,"Capital Federal",02,"Ciudad Autonoma de Buenos Aires"
1020,"Capital Federal",02,"Ciudad Autonoma de Buenos Aires"
1021,"Capital Federal",02,"Ciudad Autonoma de Buenos Aires"
1022,"Capital Federal",02,"Ciudad Autonoma de Buenos Aires"
1023,"Capital Federal",02,"Ciudad Autonoma de Buenos Aires"
1024,"Capital Federal",02,"Ciudad Autonoma de Buenos Aires"
1025,"Capital Federal",02,"Ciudad Autonoma de Buenos Aires"
1026,"Capital Federal",02,"Ciudad Autonoma de Buenos Aires"
1027,"Capital Federal",02,"Ciudad Autonoma de Buenos Aires"
1028,"Capital Federal",02,"Ciudad Autonoma de Buenos Aires"
1029,"Capital Federal",02,"Ciudad Autonoma de Buenos Aires"
1030,"Capital Federal",02,"Ciudad Autonoma de Buenos Aires"
1031,"Capital Federal",02,"Ciudad Autonoma de Buenos Aires"
1032,"Capital Federal",02,"Ciudad Autonoma de Buenos Aires"
1033,"Capital Federal",02,"Ciudad Autonoma de Buenos Aires"
1034,"Capital Federal",02,"Ciudad Autonoma de Buenos Aires"
1035,"Capital Federal",02,"Ciudad Autonoma de Buenos Aires"
1036,"Capital Federal",02,"Ciudad Autonoma de Buenos Aires"
1037,"Capital Federal",02,"Ciudad Autonoma de Buenos Aires"
1038,"Capital Federal",02,"Ciudad Autonoma de Buenos Aires"
1039,"Capital Federal",02,"Ciudad Autonoma de Buenos Aires"
1040,"Capital Federal",02,"Ciudad Autonoma de Buenos Aires"
1041,"Capital Federal",02,"Ciudad Autonoma de Buenos Aires"
1042,"Capital Federal",02,"Ciudad Autonoma de Buenos Aires"
1043,"Capital Federal",02,"Ciudad Autonoma de Buenos Aires"
1044,"Capital Federal",02,"Ciudad Autonoma de Buenos Aires"
1045,"Capital Federal",02,"Ciudad Autonoma de Buenos Aires"
1046,"Capital Federal",02,"Ciudad Autonoma de Buenos Aires"
1047,"Capital Federal",02,"Ciudad Autonoma de Buenos Aires"
1048,"Capital Federal",02,"Ciudad Autonoma de Buenos Aires"
1049,"Capital Federal",02,"Ciudad Autonoma de Buenos Aires"
1050,"Capital Federal",02,"Ciudad Autonoma de Buenos Aires"
1051,"Capital Federal",02,"Ciudad Autonoma de Buenos Aires"
1052,"Capital Federal",02,"Ciudad Autonoma de Buenos Aires"
1053,"Capital Federal",02,"Ciudad Autonoma de Buenos Aires"
1054,"Capital Federal",02,"Ciudad Autonoma de Buenos Aires"
1055,"Capital Federal",02,"Ciudad Autonoma de Buenos Aires"
1056,"Capital Federal",02,"Ciudad Autonoma de Buenos Aires"
1057,"Capital Federal",02,"Ciudad Autonoma de Buenos Aires"
1058,"Capital Federal",02,"Ciudad Autonoma de Buenos Aires"
1059,"Capital Federal",02,"Ciudad Autonoma de Buenos Aires"
1060,"Capital Federal",02,"Ciudad Autonoma de Buenos Aires"
1061,"Capital Federal",02,"Ciudad Autonoma de Buenos Aires"
1062,"Capital Federal",02,"Ciudad Autonoma de Buenos Aires"
1063,"Capital Federal",02,"Ciudad Autonoma de Buenos Aires"
1064,"Capital Federal",02,"Ciudad Autonoma de Buenos Aires"
1065,"Capital Federal",02,"Ciudad Autonoma de Buenos Aires"
1066,"Capital Federal",02,"Ciudad Autonoma de Buenos Aires"
1067,"Capital Federal",02,"Ciudad Autonoma de Buenos Aires"
1068,"Capital Federal",02,"Ciudad Autonoma de Buenos Aires"
1069,"Capital Federal",02,"Ciudad Autonoma de Buenos Aires"
1070,"Capital Federal",02,"Ciudad Autonoma de Buenos Aires"
1071,"Capital Federal",02,"Ciudad Autonoma de Buenos Aires"
1072,"Capital Federal",02,"Ciudad Autonoma de Buenos Aires"
1073,"Capital Federal",02,"Ciudad Autonoma de Buenos Aires"
1074,"Capital Federal",02,"Ciudad Autonoma de Buenos Aires"
1075,"Capital Federal",02,"Ciudad Autonoma de Buenos Aires"
1076,"Capital Federal",02,"Ciudad Autonoma de Buenos Aires"
1077,"Capital Federal",02,"Ciudad Autonoma de Buenos Aires"
1078,"Capital Federal",02,"Ciudad Autonoma de Buenos Aires"
1079,"Capital Federal",02,"Ciudad Autonoma de Buenos Aires"
1080,"Capital Federal",02,"Ciudad Autonoma de Buenos Aires"
1081,"Capital Federal",02,"Ciudad Autonoma de Buenos Aires"
1082,"Capital Federal",02,"Ciudad Autonoma de Buenos Aires"
1083,"Capital Federal",02,"Ciudad Autonoma de Buenos Aires"
1084,"Capital Federal",02,"Ciudad Autonoma de Buenos Aires"
1085,"Capital Federal",02,"Ciudad Autonoma de Buenos Aires"
1086,"Capital Federal",02,"Ciudad Autonoma de Buenos Aires"
1087,"Capital Federal",02,"Ciudad Autonoma de Buenos Aires"
1088,"Capital Federal",02,"Ciudad Autonoma de Buenos Aires"
1089,"Capital Federal",02,"Ciudad Autonoma de Buenos Aires"
1090,"Capital Federal",02,"Ciudad Autonoma de Buenos Aires"
1091,"Capital Federal",02,"Ciudad Autonoma de Buenos Aires"
1092,"Capital Federal",02,"Ciudad Autonoma de Buenos Aires"
1093,"Capital Federal",02,"Ciudad Autonoma de Buenos Aires"
1094,"Capital Federal",02,"Ciudad Autonoma de Buenos Aires"
1095,"Capital Federal",02,"Ciudad Autonoma de Buenos Aires"
1096,"Capital Federal",02,"Ciudad Autonoma de Buenos Aires"
1097,"Capital Federal",02,"Ciudad Autonoma de Buenos Aires"
1098,"Capital Federal",02,"Ciudad Autonoma de Buenos Aires"
1099,"Capital Federal",02,"Ciudad Autonoma de Buenos Aires"
1100,"Capital Federal",02,"Ciudad Autonoma de Buenos Aires"
1101,"Capital Federal",02,"Ciudad Autonoma de Buenos Aires"
1102,"Capital Federal",02,"Ciudad Autonoma de Buenos Aires"
1103,"Capital Federal",02,"Ciudad Autonoma de Buenos Aires"
1104,"Capital Federal",02,"Ciudad Autonoma de Buenos Aires"
1105,"Capital Federal",02,"Ciudad Autonoma de Buenos Aires"
1106,"Capital Federal",02,"Ciudad Autonoma de Buenos Aires"
1107,"Capital Federal",02,"Ciudad Autonoma de Buenos Aires"
1108,"Capital Federal",02,"Ciudad Autonoma de Buenos Aires"
1109,"Capital Federal",02,"Ciudad Autonoma de Buenos Aires"
1110,"Capital Federal",02,"Ciudad Autonoma de Buenos Aires"
1111,"Capital Federal",02,"Ciudad Autonoma de Buenos Aires"
1112,"Capital Federal",02,"Ciudad Autonoma de Buenos Aires"
1113,"Capital Federal",02,"Ciudad Autonoma de Buenos Aires"
1114,"Capital Federal",02,"Ciudad Autonoma de Buenos Aires"
1115,"Capital Federal",02,"Ciudad Autonoma de Buenos Aires"
1116,"Capital Federal",02,"Ciudad Autonoma de Buenos Aires"
1117,"Capital Federal",02,"Ciudad Autonoma de Buenos Aires"
1118,"Capital Federal",02,"Ciudad Autonoma de Buenos Aires"
1119,"Capital Federal",02,"Ciudad Autonoma de Buenos Aires"
1120,"Capital Federal",02,"Ciudad Autonoma de Buenos Aires"
1121,"Capital Federal",02,"Ciudad Autonoma de Buenos Aires"
1122,"Capital Federal",02,"Ciudad Autonoma de Buenos Aires"
1123,"Capital Federal",02,"Ciudad Autonoma de Buenos Aires"
1124,"Capital Federal",02,"Ciudad Autonoma de Buenos Aires"
1125,"Capital Federal",02,"Ciudad Autonoma de Buenos Aires"
1126,"Capital Federal",02,"Ciudad Autonoma de Buenos Aires"
1127,"Capital Federal",02,"Ciudad Autonoma de Buenos Aires"
1128,"Capital Federal",02,"Ciudad Autonoma de Buenos Aires"
1129,"Capital Federal",02,"Ciudad Autonoma de Buenos Aires"
1130,"Capital Federal",02,"Ciudad Autonoma de Buenos Aires"
1131,"Capital Federal",02,"Ciudad Autonoma de Buenos Aires"
1132,"Capital Federal",02,"Ciudad Autonoma de Buenos Aires"
1133,"Capital Federal",02,"Ciudad Autonoma de Buenos Aires"
1134,"Capital Federal",02,"Ciudad Autonoma de Buenos Aires"
1135,"Capital Federal",02,"Ciudad Autonoma de Buenos Aires"
1136,"Capital Federal",02,"Ciudad Autonoma de Buenos Aires"
1137,"Capital Federal",02,"Ciudad Autonoma de Buenos Aires"
1138,"Capital Federal",02,"Ciudad Autonoma de Buenos Aires"
1139,"Capital Federal",02,"Ciudad Autonoma de Buenos Aires"
1140,"Capital Federal",02,"Ciudad Autonoma de Buenos Aires"
1141,"Capital Federal",02,"Ciudad Autonoma de Buenos Aires"
1142,"Capital Federal",02,"Ciudad Autonoma de Buenos Aires"
1143,"Capital Federal",02,"Ciudad Autonoma de Buenos Aires"
1144,"Capital Federal",02,"Ciudad Autonoma de Buenos Aires"
1145,"Capital Federal",02,"Ciudad Autonoma de Buenos Aires"
1146,"Capital Federal",02,"Ciudad Autonoma de Buenos Aires"
1147,"Capital Federal",02,"Ciudad Autonoma de Buenos Aires"
1148,"Capital Federal",02,"Ciudad Autonoma de Buenos Aires"
1149,"Capital Federal",02,"Ciudad Autonoma de Buenos Aires"
1150,"Capital Federal",02,"Ciudad Autonoma de Buenos Aires"
1151,"Capital Federal",02,"Ciudad Autonoma de Buenos Aires"
1152,"Capital Federal",02,"Ciudad Autonoma de Buenos Aires"
1153,"Capital Federal",02,"Ciudad Autonoma de Buenos Aires"
1154,"Capital Federal",02,"Ciudad Autonoma de Buenos Aires"
1155,"Capital Federal",02,"Ciudad Autonoma de Buenos Aires"
1156,"Capital Federal",02,"Ciudad Autonoma de Buenos Aires"
1157,"Capital Federal",02,"Ciudad Autonoma de Buenos Aires"
1158,"Capital Federal",02,"Ciudad Autonoma de Buenos Aires"
1159,"Capital Federal",02,"Ciudad Autonoma de Buenos Aires"
1160,"Capital Federal",02,"Ciudad Autonoma de Buenos Aires"
1161,"Capital Federal",02,"Ciudad Autonoma de Buenos Aires"
1162,"Capital Federal",02,"Ciudad Autonoma de Buenos Aires"
1163,"Capital Federal",02,"Ciudad Autonoma de Buenos Aires"
1164,"Capital Federal",02,"Ciudad Autonoma de Buenos Aires"
1165,"Capital Federal",02,"Ciudad Autonoma de Buenos Aires"
1166,"Capital Federal",02,"Ciudad Autonoma de Buenos Aires"
1167,"Capital Federal",02,"Ciudad Autonoma de Buenos Aires"
1168,"Capital Federal",02,"Ciudad Autonoma de Buenos Aires"
1169,"Capital Federal",02,"Ciudad Autonoma de Buenos Aires"
1170,"Capital Federal",02,"Ciudad Autonoma de Buenos Aires"
1171,"Capital Federal",02,"Ciudad Autonoma de Buenos Aires"
1172,"Capital Federal",02,"Ciudad Autonoma de Buenos Aires"
1173,"Capital Federal",02,"Ciudad Autonoma de Buenos Aires"
1174,"Capital Federal",02,"Ciudad Autonoma de Buenos Aires"
1175,"Capital Federal",02,"Ciudad Autonoma de Buenos Aires"
1176,"Capital Federal",02,"Ciudad Autonoma de Buenos Aires"
1177,"Capital Federal",02,"Ciudad Autonoma de Buenos Aires"
1178,"Capital Federal",02,"Ciudad Autonoma de Buenos Aires"
1179,"Capital Federal",02,"Ciudad Autonoma de Buenos Aires"
1180,"Capital Federal",02,"Ciudad Autonoma de Buenos Aires"
1181,"Capital Federal",02,"Ciudad Autonoma de Buenos Aires"
1182,"Capital Federal",02,"Ciudad Autonoma de Buenos Aires"
1183,"Capital Federal",02,"Ciudad Autonoma de Buenos Aires"
1184,"Capital Federal",02,"Ciudad Autonoma de Buenos Aires"
1185,"Capital Federal",02,"Ciudad Autonoma de Buenos Aires"
1186,"Capital Federal",02,"Ciudad Autonoma de Buenos Aires"
1187,"Capital Federal",02,"Ciudad Autonoma de Buenos Aires"
1188,"Capital Federal",02,"Ciudad Autonoma de Buenos Aires"
1189,"Capital Federal",02,"Ciudad Autonoma de Buenos Aires"
1190,"Capital Federal",02,"Ciudad Autonoma de Buenos Aires"
1191,"Capital Federal",02,"Ciudad Autonoma de Buenos Aires"
1192,"Capital Federal",02,"Ciudad Autonoma de Buenos Aires"
1193,"Capital Federal",02,"Ciudad Autonoma de Buenos Aires"
1194,"Capital Federal",02,"Ciudad Autonoma de Buenos Aires"
1195,"Capital Federal",02,"Ciudad Autonoma de Buenos Aires"
1196,"Capital Federal",02,"Ciudad Autonoma de Buenos Aires"
1197,"Capital Federal",02,"Ciudad Autonoma de Buenos Aires"
1198,"Capital Federal",02,"Ciudad Autonoma de Buenos Aires"
1199,"Capital Federal",02,"Ciudad Autonoma de Buenos Aires"
1200,"Capital Federal",02,"Ciudad Autonoma de Buenos Aires"
1201,"Capital Federal",02,"Ciudad Autonoma de Buenos Aires"
1202,"Capital Federal",02,"Ciudad Autonoma de Buenos Aires"
1203,"Capital Federal",02,"Ciudad Autonoma de Buenos Aires"
1204,"Capital Federal",02,"Ciudad Autonoma de Buenos Aires"
1205,"Capital Federal",02,"Ciudad Autonoma de Buenos Aires"
1206,"Capital Federal",02,"Ciudad Autonoma de Buenos Aires"
1207,"Capital Federal",02,"Ciudad Autonoma de Buenos Aires"
1208,"Capital Federal",02,"Ciudad Autonoma de Buenos Aires"
1209,"Capital Federal",02,"Ciudad Autonoma de Buenos Aires"
1210,"Capital Federal",02,"Ciudad Autonoma de Buenos Aires"
1211,"Capital Federal",02,"Ciudad Autonoma de Buenos Aires"
1212,"Capital Federal",02,"Ciudad Autonoma de Buenos Aires"
1213,"Capital Federal",02,"Ciudad Autonoma de Buenos Aires"
1214,"Capital Federal",02,"Ciudad Autonoma de Buenos Aires"
1215,"Capital Federal",02,"Ciudad Autonoma de Buenos Aires"
1216,"Capital Federal",02,"Ciudad Autonoma de Buenos Aires"
1217,"Capital Federal",02,"Ciudad Autonoma de Buenos Aires"
1218,"Capital Federal",02,"Ciudad Autonoma de Buenos Aires"
1219,"Capital Federal",02,"Ciudad Autonoma de Buenos Aires"
1220,"Capital Federal",02,"Ciudad Autonoma de Buenos Aires"
1221,"Capital Federal",02,"Ciudad Autonoma de Buenos Aires"
1222,"Capital Federal",02,"Ciudad Autonoma de Buenos Aires"
1223,"Capital Federal",02,"Ciudad Autonoma de Buenos Aires"
1224,"Capital Federal",02,"Ciudad Autonoma de Buenos Aires"
1225,"Capital Federal",02,"Ciudad Autonoma de Buenos Aires"
1226,"Capital Federal",02,"Ciudad Autonoma de Buenos Aires"
1227,"Capital Federal",02,"Ciudad Autonoma de Buenos Aires"
1228,"Capital Federal",02,"Ciudad Autonoma de Buenos Aires"
1229,"Capital Federal",02,"Ciudad Autonoma de Buenos Aires"
1230,"Capital Federal",02,"Ciudad Autonoma de Buenos Aires"
1231,"Capital Federal",02,"Ciudad Autonoma de Buenos Aires"
1232,"Capital Federal",02,"Ciudad Autonoma de Buenos Aires"
1233,"Capital Federal",02,"Ciudad Autonoma de Buenos Aires"
1234,"Capital Federal",02,"Ciudad Autonoma de Buenos Aires"
1235,"Capital Federal",02,"Ciudad Autonoma de Buenos Aires"
1236,"Capital Federal",02,"Ciudad Autonoma de Buenos Aires"
1237,"Capital Federal",02,"Ciudad Autonoma de Buenos Aires"
1238,"Capital Federal",02,"Ciudad Autonoma de Buenos Aires"
1239,"Capital Federal",02,"Ciudad Autonoma de Buenos Aires"
1240,"Capital Federal",02,"Ciudad Autonoma de Buenos Aires"
1241,"Capital Federal",02,"Ciudad Autonoma de Buenos Aires"
1242,"Capital Federal",02,"Ciudad Autonoma de Buenos Aires"
1243,"Capital Federal",02,"Ciudad Autonoma de Buenos Aires"
1244,"Capital Federal",02,"Ciudad Autonoma de Buenos Aires"
1245,"Capital Federal",02,"Ciudad Autonoma de Buenos Aires"
1246,"Capital Federal",02,"Ciudad Autonoma de Buenos Aires"
1247,"Capital Federal",02,"Ciudad Autonoma de Buenos Aires"
1248,"Capital Federal",02,"Ciudad Autonoma de Buenos Aires"
1249,"Capital Federal",02,"Ciudad Autonoma de Buenos Aires"
1250,"Capital Federal",02,"Ciudad Autonoma de Buenos Aires"
1251,"Capital Federal",02,"Ciudad Autonoma de Buenos Aires"
1252,"Capital Federal",02,"Ciudad Autonoma de Buenos Aires"
1253,"Capital Federal",02,"Ciudad Autonoma de Buenos Aires"
1254,"Capital Federal",02,"Ciudad Autonoma de Buenos Aires"
1255,"Capital Federal",02,"Ciudad Autonoma de Buenos Aires"
1256,"Capital Federal",02,"Ciudad Autonoma de Buenos Aires"
1257,"Capital Federal",02,"Ciudad Autonoma de Buenos Aires"
1258,"Capital Federal",02,"Ciudad Autonoma de Buenos Aires"
1259,"Capital Federal",02,"Ciudad Autonoma de Buenos Aires"
1260,"Capital Federal",02,"Ciudad Autonoma de Buenos Aires"
1261,"Capital Federal",02,"Ciudad Autonoma de Buenos Aires"
1262,"Capital Federal",02,"Ciudad Autonoma de Buenos Aires"
1263,"Capital Federal",02,"Ciudad Autonoma de Buenos Aires"
1264,"Capital Federal",02,"Ciudad Autonoma de Buenos Aires"
1265,"Capital Federal",02,"Ciudad Autonoma de Buenos Aires"
1266,"Capital Federal",02,"Ciudad Autonoma de Buenos Aires"
1267,"Capital Federal",02,"Ciudad Autonoma de Buenos Aires"
1268,"Capital Federal",02,"Ciudad Autonoma de Buenos Aires"
1269,"Capital Federal",02,"Ciudad Autonoma de Buenos Aires"
1270,"Capital Federal",02,"Ciudad Autonoma de Buenos Aires"
1271,"Capital Federal",02,"Ciudad Autonoma de Buenos Aires"
1272,"Capital Federal",02,"Ciudad Autonoma de Buenos Aires"
1273,"Capital Federal",02,"Ciudad Autonoma de Buenos Aires"
1274,"Capital Federal",02,"Ciudad Autonoma de Buenos Aires"
1275,"Capital Federal",02,"Ciudad Autonoma de Buenos Aires"
1276,"Capital Federal",02,"Ciudad Autonoma de Buenos Aires"
1277,"Capital Federal",02,"Ciudad Autonoma de Buenos Aires"
1278,"Capital Federal",02,"Ciudad Autonoma de Buenos Aires"
1279,"Capital Federal",02,"Ciudad Autonoma de Buenos Aires"
1280,"Capital Federal",02,"Ciudad Autonoma de Buenos Aires"
1281,"Capital Federal",02,"Ciudad Autonoma de Buenos Aires"
1282,"Capital Federal",02,"Ciudad Autonoma de Buenos Aires"
1283,"Capital Federal",02,"Ciudad Autonoma de Buenos Aires"
1284,"Capital Federal",02,"Ciudad Autonoma de Buenos Aires"
1285,"Capital Federal",02,"Ciudad Autonoma de Buenos Aires"
1286,"Capital Federal",02,"Ciudad Autonoma de Buenos Aires"
1287,"Capital Federal",02,"Ciudad Autonoma de Buenos Aires"
1288,"Capital Federal",02,"Ciudad Autonoma de Buenos Aires"
1289,"Capital Federal",02,"Ciudad Autonoma de Buenos Aires"
1290,"Capital Federal",02,"Ciudad Autonoma de Buenos Aires"
1291,"Capital Federal",02,"Ciudad Autonoma de Buenos Aires"
1292,"Capital Federal",02,"Ciudad Autonoma de Buenos Aires"
1293,"Capital Federal",02,"Ciudad Autonoma de Buenos Aires"
1294,"Capital Federal",02,"Ciudad Autonoma de Buenos Aires"
1295,"Capital Federal",02,"Ciudad Autonoma de Buenos Aires"
1296,"Capital Federal",02,"Ciudad Autonoma de Buenos Aires"
1297,"Capital Federal",02,"Ciudad Autonoma de Buenos Aires"
1298,"Capital Federal",02,"Ciudad Autonoma de Buenos Aires"
1299,"Capital Federal",02,"Ciudad Autonoma de Buenos Aires"
1300,"Capital Federal",02,"Ciudad Autonoma de Buenos Aires"
1301,"Capital Federal",02,"Ciudad Autonoma de Buenos Aires"
1302,"Capital Federal",02,"Ciudad Autonoma de Buenos Aires"
1303,"Capital Federal",02,"Ciudad Autonoma de Buenos Aires"
1304,"Capital Federal",02,"Ciudad Autonoma de Buenos Aires"
1305,"Capital Federal",02,"Ciudad Autonoma de Buenos Aires"
1306,"Capital Federal",02,"Ciudad Autonoma de Buenos Aires"
1307,"Capital Federal",02,"Ciudad Autonoma de Buenos Aires"
1308,"Capital Federal",02,"Ciudad Autonoma de Buenos Aires"
1309,"Capital Federal",02,"Ciudad Autonoma de Buenos Aires"
1310,"Capital Federal",02,"Ciudad Autonoma de Buenos Aires"
1311,"Capital Federal",02,"Ciudad Autonoma de Buenos Aires"
1312,"Capital Federal",02,"Ciudad Autonoma de Buenos Aires"
1313,"Capital Federal",02,"Ciudad Autonoma de Buenos Aires"
1314,"Capital Federal",02,"Ciudad Autonoma de Buenos Aires"
1315,"Capital Federal",02,"Ciudad Autonoma de Buenos Aires"
1316,"Capital Federal",02,"Ciudad Autonoma de Buenos Aires"
1317,"Capital Federal",02,"Ciudad Autonoma de Buenos Aires"
1318,"Capital Federal",02,"Ciudad Autonoma de Buenos Aires"
1319,"Capital Federal",02,"Ciudad Autonoma de Buenos Aires"
1320,"Capital Federal",02,"Ciudad Autonoma de Buenos Aires"
1321,"Capital Federal",02,"Ciudad Autonoma de Buenos Aires"
1322,"Capital Federal",02,"Ciudad Autonoma de Buenos Aires"
1323,"Capital Federal",02,"Ciudad Autonoma de Buenos Aires"
1324,"Capital Federal",02,"Ciudad Autonoma de Buenos Aires"
1325,"Capital Federal",02,"Ciudad Autonoma de Buenos Aires"
1326,"Capital Federal",02,"Ciudad Autonoma de Buenos Aires"
1327,"Capital Federal",02,"Ciudad Autonoma de Buenos Aires"
1328,"Capital Federal",02,"Ciudad Autonoma de Buenos Aires"
1329,"Capital Federal",02,"Ciudad Autonoma de Buenos Aires"
1330,"Capital Federal",02,"Ciudad Autonoma de Buenos Aires"
1331,"Capital Federal",02,"Ciudad Autonoma de Buenos Aires"
1332,"Capital Federal",02,"Ciudad Autonoma de Buenos Aires"
1333,"Capital Federal",02,"Ciudad Autonoma de Buenos Aires"
1334,"Capital Federal",02,"Ciudad Autonoma de Buenos Aires"
1335,"Capital Federal",02,"Ciudad Autonoma de Buenos Aires"
1336,"Capital Federal",02,"Ciudad Autonoma de Buenos Aires"
1337,"Capital Federal",02,"Ciudad Autonoma de Buenos Aires"
1338,"Capital Federal",02,"Ciudad Autonoma de Buenos Aires"
1339,"Capital Federal",02,"Ciudad Autonoma de Buenos Aires"
1340,"Capital Federal",02,"Ciudad Autonoma de Buenos Aires"
1341,"Capital Federal",02,"Ciudad Autonoma de Buenos Aires"
1342,"Capital Federal",02,"Ciudad Autonoma de Buenos Aires"
1343,"Capital Federal",02,"Ciudad Autonoma de Buenos Aires"
1344,"Capital Federal",02,"Ciudad Autonoma de Buenos Aires"
1345,"Capital Federal",02,"Ciudad Autonoma de Buenos Aires"
1346,"Capital Federal",02,"Ciudad Autonoma de Buenos Aires"
1347,"Capital Federal",02,"Ciudad Autonoma de Buenos Aires"
1348,"Capital Federal",02,"Ciudad Autonoma de Buenos Aires"
1349,"Capital Federal",02,"Ciudad Autonoma de Buenos Aires"
1350,"Capital Federal",02,"Ciudad Autonoma de Buenos Aires"
1351,"Capital Federal",02,"Ciudad Autonoma de Buenos Aires"
1352,"Capital Federal",02,"Ciudad Autonoma de Buenos Aires"
1353,"Capital Federal",02,"Ciudad Autonoma de Buenos Aires"
1354,"Capital Federal",02,"Ciudad Autonoma de Buenos Aires"
1355,"Capital Federal",02,"Ciudad Autonoma de Buenos Aires"
1356,"Capital Federal",02,"Ciudad Autonoma de Buenos Aires"
1357,"Capital Federal",02,"Ciudad Autonoma de Buenos Aires"
1358,"Capital Federal",02,"Ciudad Autonoma de Buenos Aires"
1359,"Capital Federal",02,"Ciudad Autonoma de Buenos Aires"
1360,"Capital Federal",02,"Ciudad Autonoma de Buenos Aires"
1361,"Capital Federal",02,"Ciudad Autonoma de Buenos Aires"
1362,"Capital Federal",02,"Ciudad Autonoma de Buenos Aires"
1363,"Capital Federal",02,"Ciudad Autonoma de Buenos Aires"
1364,"Capital Federal",02,"Ciudad Autonoma de Buenos Aires"
1365,"Capital Federal",02,"Ciudad Autonoma de Buenos Aires"
1366,"Capital Federal",02,"Ciudad Autonoma de Buenos Aires"
1367,"Capital Federal",02,"Ciudad Autonoma de Buenos Aires"
1368,"Capital Federal",02,"Ciudad Autonoma de Buenos Aires"
1369,"Capital Federal",02,"Ciudad Autonoma de Buenos Aires"
1370,"Capital Federal",02,"Ciudad Autonoma de Buenos Aires"
1371,"Capital Federal",02,"Ciudad Autonoma de Buenos Aires"
1372,"Capital Federal",02,"Ciudad Autonoma de Buenos Aires"
1373,"Capital Federal",02,"Ciudad Autonoma de Buenos Aires"
1374,"Capital Federal",02,"Ciudad Autonoma de Buenos Aires"
1375,"Capital Federal",02,"Ciudad Autonoma de Buenos Aires"
1376,"Capital Federal",02,"Ciudad Autonoma de Buenos Aires"
1377,"Capital Federal",02,"Ciudad Autonoma de Buenos Aires"
1378,"Capital Federal",02,"Ciudad Autonoma de Buenos Aires"
1379,"Capital Federal",02,"Ciudad Autonoma de Buenos Aires"
1380,"Capital Federal",02,"Ciudad Autonoma de Buenos Aires"
1381,"Capital Federal",02,"Ciudad Autonoma de Buenos Aires"
1382,"Capital Federal",02,"Ciudad Autonoma de Buenos Aires"
1383,"Capital Federal",02,"Ciudad Autonoma de Buenos Aires"
1384,"Capital Federal",02,"Ciudad Autonoma de Buenos Aires"
1385,"Capital Federal",02,"Ciudad Autonoma de Buenos Aires"
1386,"Capital Federal",02,"Ciudad Autonoma de Buenos Aires"
1387,"Capital Federal",02,"Ciudad Autonoma de Buenos Aires"
1388,"Capital Federal",02,"Ciudad Autonoma de Buenos Aires"
1389,"Capital Federal",02,"Ciudad Autonoma de Buenos Aires"
1390,"Capital Federal",02,"Ciudad Autonoma de Buenos Aires"
1391,"Capital Federal",02,"Ciudad Autonoma de Buenos Aires"
1392,"Capital Federal",02,"Ciudad Autonoma de Buenos Aires"
1393,"Capital Federal",02,"Ciudad Autonoma de Buenos Aires"
1394,"Capital Federal",02,"Ciudad Autonoma de Buenos Aires"
1395,"Capital Federal",02,"Ciudad Autonoma de Buenos Aires"
1396,"Capital Federal",02,"Ciudad Autonoma de Buenos Aires"
1397,"Capital Federal",02,"Ciudad Autonoma de Buenos Aires"
1398,"Capital Federal",02,"Ciudad Autonoma de Buenos Aires"
1399,"Capital Federal",02,"Ciudad Autonoma de Buenos Aires"
1400,"Capital Federal",02,"Ciudad Autonoma de Buenos Aires"
1401,"Capital Federal",02,"Ciudad Autonoma de Buenos Aires"
1402,"Capital Federal",02,"Ciudad Autonoma de Buenos Aires"
1403,"Capital Federal",02,"Ciudad Autonoma de Buenos Aires"
1404,"Capital Federal",02,"Ciudad Autonoma de Buenos Aires"
1405,"Capital Federal",02,"Ciudad Autonoma de Buenos Aires"
1406,"Capital Federal",02,"Ciudad Autonoma de Buenos Aires"
1407,"Capital Federal",02,"Ciudad Autonoma de Buenos Aires"
1408,"Capital Federal",02,"Ciudad Autonoma de Buenos Aires"
1409,"Capital Federal",02,"Ciudad Autonoma de Buenos Aires"
1410,"Capital Federal",02,"Ciudad Autonoma de Buenos Aires"
1411,"Capital Federal",02,"Ciudad Autonoma de Buenos Aires"
1412,"Capital Federal",02,"Ciudad Autonoma de Buenos Aires"
1413,"Capital Federal",02,"Ciudad Autonoma de Buenos Aires"
1414,"Capital Federal",02,"Ciudad Autonoma de Buenos Aires"
1415,"Capital Federal",02,"Ciudad Autonoma de Buenos Aires"
1416,"Capital Federal",02,"Ciudad Autonoma de Buenos Aires"
1417,"Capital Federal",02,"Ciudad Autonoma de Buenos Aires"
1418,"Capital Federal",02,"Ciudad Autonoma de Buenos Aires"
1419,"Capital Federal",02,"Ciudad Autonoma de Buenos Aires"
1420,"Capital Federal",02,"Ciudad Autonoma de Buenos Aires"
1421,"Capital Federal",02,"Ciudad Autonoma de Buenos Aires"
1422,"Capital Federal",02,"Ciudad Autonoma de Buenos Aires"
1423,"Capital Federal",02,"Ciudad Autonoma de Buenos Aires"
1424,"Capital Federal",02,"Ciudad Autonoma de Buenos Aires"
1425,"Capital Federal",02,"Ciudad Autonoma de Buenos Aires"
1426,"Capital Federal",02,"Ciudad Autonoma de Buenos Aires"
1427,"Capital Federal",02,"Ciudad Autonoma de Buenos Aires"
1428,"Capital Federal",02,"Ciudad Autonoma de Buenos Aires"
1429,"Capital Federal",02,"Ciudad Autonoma de Buenos Aires"
1430,"Capital Federal",02,"Ciudad Autonoma de Buenos Aires"
1431,"Capital Federal",02,"Ciudad Autonoma de Buenos Aires"
1432,"Capital Federal",02,"Ciudad Autonoma de Buenos Aires"
1433,"Capital Federal",02,"Ciudad Autonoma de Buenos Aires"
1434,"Capital Federal",02,"Ciudad Autonoma de Buenos Aires"
1435,"Capital Federal",02,"Ciudad Autonoma de Buenos Aires"
1436,"Capital Federal",02,"Ciudad Autonoma de Buenos Aires"
1437,"Capital Federal",02,"Ciudad Autonoma de Buenos Aires"
1438,"Capital Federal",02,"Ciudad Autonoma de Buenos Aires"
1439,"Capital Federal",02,"Ciudad Autonoma de Buenos Aires"
1440,"Capital Federal",02,"Ciudad Autonoma de Buenos Aires"
1443,"Capital Federal",02,"Ciudad Autonoma de Buenos Aires"
1444,"Capital Federal",02,"Ciudad Autonoma de Buenos Aires"
1454,"Capital Federal",02,"Ciudad Autonoma de Buenos Aires"
1458,"Capital Federal",02,"Ciudad Autonoma de Buenos Aires"
1459,"Capital Federal",02,"Ciudad Autonoma de Buenos Aires"
1469,"Capital Federal",02,"Ciudad Autonoma de Buenos Aires"
1486,"Capital Federal",02,"Ciudad Autonoma de Buenos Aires"
1489,"Capital Federal",02,"Ciudad Autonoma de Buenos Aires"
1502,"Capital Federal",02,"Ciudad Autonoma de Buenos Aires"
1505,"Capital Federal",02,"Ciudad Autonoma de Buenos Aires"
1540,"Capital Federal",02,"Ciudad Autonoma de Buenos Aires"
1544,"Capital Federal",02,"Ciudad Autonoma de Buenos Aires"
1587,"Capital Federal",02,"Ciudad Autonoma de Buenos Aires"
1598,"Capital Federal",02,"Ciudad Autonoma de Buenos Aires"
